Match Name,day,date,time,ground,Team A,Team B,scorecard link
Match 2,Sat,14 Nov 2026,8:30 am,"Sovima Cricket Ground, Sovima",Arunachal Pradesh,Manipur,/matches/ea933302-612a-4ee4-93a2-f30cd9b9482e/arunachal-pradesh-vs-manipur
Match 3,Sat,14 Nov 2026,8:30 am,"Nagaland Cricket Stadium, Sovima",Nagaland,Meghalaya,/matches/86e6549c-6d74-47e5-9f4e-adfc7733481a/nagaland-vs-meghalaya
Match 4,Sat,14 Nov 2026,9:00 am,"Sharad Pawar Cricket Academy BKC, Mumbai",Chandigarh,Baroda,/matches/5ffe3b1b-bff3-4f9a-ae98-4ee1ec8984cf/chandigarh-vs-baroda
Match 16,Sat,14 Nov 2026,9:00 am,"JU Second Campus, Salt Lake, Kolkata",Hyderabad,Mumbai,/matches/1ceeb69a-1390-4c1d-a5cf-df28096f3f22/hyderabad-vs-mumbai
Match 10,Sat,14 Nov 2026,9:00 am,"IS Bindra Cricket Stadium, PCA, Mohali",Maharashtra,Pondicherry,/matches/c0590e05-4b21-475a-a16a-1bbbf42f4fef/maharashtra-vs-pondicherry
Match 8,Sat,14 Nov 2026,9:00 am,"The Daly College, Indore",Punjab,Haryana,/matches/bd701751-9d0d-425d-ad61-fa6edf6a852f/punjab-vs-haryana
Match 13,Sat,14 Nov 2026,11:00 am,"Eden Gardens, Kolkata",Gujarat,Odisha,/matches/cfcb0039-590e-4d71-8615-f250f974ba97/gujarat-vs-odisha
Match 1,Sat,14 Nov 2026,11:00 am,"Wankhede Stadium, Mumbai",Mizoram,Jharkhand,/matches/8cd968c8-a548-4013-968f-7fdd3d3574ec/mizoram-vs-jharkhand
Match 7,Sat,14 Nov 2026,11:00 am,"Holkar Stadium, Indore",Saurashtra,Bihar,/matches/2dc9e665-ebb3-4b8b-81d8-cfe6607bb2f6/saurashtra-vs-bihar
Match 9,Sat,14 Nov 2026,11:00 am,"PCA International Cricket Stadium, Ground A, New Chandigarh",Tripura,Andhra,/matches/35dd1cd2-bbe8-4256-82aa-930331df5087/tripura-vs-andhra
Match 1,Sat,14 Nov 2026,1:00 pm,"Nagaland Cricket Stadium, Sovima",Services,Sikkim,/matches/e0dc7bdf-a69f-4d55-a9a6-49f1e46604d3/services-vs-sikkim
Match 12,Sat,14 Nov 2026,1:30 pm,"IS Bindra Cricket Stadium, PCA, Mohali",Himachal Pradesh,Assam,/matches/c433d22e-a6f5-4826-923b-1fe0e3003b84/himachal-pradesh-vs-assam
Match 5,Sat,14 Nov 2026,1:30 pm,"The Daly College, Indore",Railways,Tamil Nadu,/matches/62fe6ce3-708d-41da-91fd-eda83d5e8c1b/railways-vs-tamil-nadu
Match 2,Sat,14 Nov 2026,1:30 pm,"Sharad Pawar Cricket Academy BKC, Mumbai",Rajasthan,Uttar Pradesh,/matches/4686600b-25ed-4a4f-ae24-25c55089a656/rajasthan-vs-uttar-pradesh
Match 14,Sat,14 Nov 2026,1:30 pm,"JU Second Campus, Salt Lake, Kolkata",Vidarbha,Goa,/matches/91d7fc94-940f-4129-ae62-5cb786945baf/vidarbha-vs-goa
Match 6,Sat,14 Nov 2026,4:30 pm,"Holkar Stadium, Indore",Jammu and Kashmir,Delhi,/matches/dab1cd7c-ee4a-4741-93ac-1a34a0e16e14/jammu-and-kashmir-vs-delhi
Match 3,Sat,14 Nov 2026,4:30 pm,"Wankhede Stadium, Mumbai",Karnataka,Bengal,/matches/e4f3ffd4-6d0b-462d-854b-9f4cbac24cf0/karnataka-vs-bengal
Match 11,Sat,14 Nov 2026,4:30 pm,"PCA International Cricket Stadium, Ground A, New Chandigarh",Madhya Pradesh,Kerala,/matches/2d541ac9-7e54-41b7-bce2-52b52f8848ab/madhya-pradesh-vs-kerala
Match 15,Sat,14 Nov 2026,4:30 pm,"Eden Gardens, Kolkata",Uttarakhand,Chhattisgarh,/matches/e0dd26ee-fe51-473b-87ec-6d3ecdf68f2a/uttarakhand-vs-chhattisgarh
Match 5,Mon,16 Nov 2026,8:30 am,"Sovima Cricket Ground, Sovima",Nagaland,Manipur,/matches/b65939dc-f357-4124-b21b-e3a0fc4adaa0/nagaland-vs-manipur
Match 4,Mon,16 Nov 2026,8:30 am,"Nagaland Cricket Stadium, Sovima",Sikkim,Arunachal Pradesh,/matches/318af4c7-ad86-4e2b-a352-b64a0cb77b89/sikkim-vs-arunachal-pradesh
Match 25,Mon,16 Nov 2026,9:00 am,"IS Bindra Cricket Stadium, PCA, Mohali",Himachal Pradesh,Andhra,/matches/f265e199-1c84-4166-84cb-db0df896a01b/himachal-pradesh-vs-andhra
Match 24,Mon,16 Nov 2026,9:00 am,"The Daly College, Indore",Railways,Bihar,/matches/65e54ba8-7db2-473d-8d4a-3e911df3e66c/railways-vs-bihar
Match 17,Mon,16 Nov 2026,9:00 am,"Sharad Pawar Cricket Academy BKC, Mumbai",Rajasthan,Jharkhand,/matches/bcc5ea0f-211a-4a94-a3ca-8b1e38bc4502/rajasthan-vs-jharkhand
Match 29,Mon,16 Nov 2026,9:00 am,"JU Second Campus, Salt Lake, Kolkata",Vidarbha,Odisha,/matches/b0be72ee-08f3-4332-a519-fe54411fcba0/vidarbha-vs-odisha
Match 21,Mon,16 Nov 2026,11:00 am,"Holkar Stadium, Indore",Jammu and Kashmir,Tamil Nadu,/matches/7ee3bffd-361c-4f71-80c7-31eeacaf0214/jammu-and-kashmir-vs-tamil-nadu
Match 18,Mon,16 Nov 2026,11:00 am,"Wankhede Stadium, Mumbai",Karnataka,Uttar Pradesh,/matches/f5df8f7a-22c7-4e20-94aa-db0c7561b5e9/karnataka-vs-uttar-pradesh
Match 28,Mon,16 Nov 2026,11:00 am,"PCA International Cricket Stadium, Ground A, New Chandigarh",Madhya Pradesh,Assam,/matches/c7f3630c-5e8c-4339-86ed-a53ef8294c14/madhya-pradesh-vs-assam
Match 30,Mon,16 Nov 2026,11:00 am,"Eden Gardens, Kolkata",Uttarakhand,Goa,/matches/3322e2c4-7fe9-4959-b937-1cf1fb0e7e2b/uttarakhand-vs-goa
Match 6,Mon,16 Nov 2026,1:00 pm,"Nagaland Cricket Stadium, Sovima",Services,Meghalaya,/matches/6b4eca9a-ee6b-4dd4-b8bb-8e29b03bae42/services-vs-meghalaya
Match 31,Mon,16 Nov 2026,1:30 pm,"JU Second Campus, Salt Lake, Kolkata",Gujarat,Mumbai,/matches/0a370c94-ae08-4b6e-825f-dd42c393c174/gujarat-vs-mumbai
Match 19,Mon,16 Nov 2026,1:30 pm,"Sharad Pawar Cricket Academy BKC, Mumbai",Mizoram,Baroda,/matches/4084da00-9631-48ea-a9f1-408f396cc1fe/mizoram-vs-baroda
Match 23,Mon,16 Nov 2026,1:30 pm,"The Daly College, Indore",Saurashtra,Haryana,/matches/3b547773-48a9-476d-8381-89485b76a39a/saurashtra-vs-haryana
Match 27,Mon,16 Nov 2026,1:30 pm,"IS Bindra Cricket Stadium, PCA, Mohali",Tripura,Pondicherry,/matches/c3dfd5c5-6133-4af5-b4ca-ff27208c8ce6/tripura-vs-pondicherry
Match 20,Mon,16 Nov 2026,4:30 pm,"Wankhede Stadium, Mumbai",Bengal,Chandigarh,/matches/ad8530d3-cf76-48fe-af0a-7176ee581b22/bengal-vs-chandigarh
Match 32,Mon,16 Nov 2026,4:30 pm,"Eden Gardens, Kolkata",Chhattisgarh,Hyderabad,/matches/f3bf736b-5988-461a-8041-579ae4671fe8/chhattisgarh-vs-hyderabad
Match 22,Mon,16 Nov 2026,4:30 pm,"Holkar Stadium, Indore",Delhi,Punjab,/matches/bf20abd1-c6c8-4705-bd12-dd42adbec055/delhi-vs-punjab
Match 26,Mon,16 Nov 2026,4:30 pm,"PCA International Cricket Stadium, Ground A, New Chandigarh",Kerala,Maharashtra,/matches/692150b5-4959-464e-8e3a-0741d986a19c/kerala-vs-maharashtra
Match 8,Wed,18 Nov 2026,8:30 am,"Sovima Cricket Ground, Sovima",Services,Arunachal Pradesh,/matches/800e05fe-6f70-4ec4-8d80-063657886298/services-vs-arunachal-pradesh
Match 7,Wed,18 Nov 2026,8:30 am,"Nagaland Cricket Stadium, Sovima",Sikkim,Nagaland,/matches/0a5e27f2-d401-47e4-a260-b1ee2288b079/sikkim-vs-nagaland
Match 33,Wed,18 Nov 2026,9:00 am,"Sharad Pawar Cricket Academy BKC, Mumbai",Bengal,Jharkhand,/matches/14b8cb49-7950-484b-bba7-e9a87514fc11/bengal-vs-jharkhand
Match 45,Wed,18 Nov 2026,9:00 am,"JU Second Campus, Salt Lake, Kolkata",Chhattisgarh,Odisha,/matches/902329d5-8d11-47d0-b6c9-14ac1c0cc8e6/chhattisgarh-vs-odisha
Match 38,Wed,18 Nov 2026,9:00 am,"The Daly College, Indore",Delhi,Bihar,/matches/84ca3faa-d096-4aee-a6f1-66800d8b2f46/delhi-vs-bihar
Match 41,Wed,18 Nov 2026,9:00 am,"IS Bindra Cricket Stadium, PCA, Mohali",Kerala,Andhra,/matches/ffe3dfd4-add0-49fe-93df-6f799049f4ed/kerala-vs-andhra
Match 36,Wed,18 Nov 2026,11:00 am,"Wankhede Stadium, Mumbai",Chandigarh,Rajasthan,/matches/72952c61-3ba7-4bf6-a608-5f89c64fd28b/chandigarh-vs-rajasthan
Match 48,Wed,18 Nov 2026,11:00 am,"Eden Gardens, Kolkata",Hyderabad,Vidarbha,/matches/75fa5900-34cd-4b6c-9c8e-f99abac669d8/hyderabad-vs-vidarbha
Match 42,Wed,18 Nov 2026,11:00 am,"PCA International Cricket Stadium, Ground A, New Chandigarh",Maharashtra,Himachal Pradesh,/matches/ee2904bc-eec4-43a6-8372-e340a5bc63e7/maharashtra-vs-himachal-pradesh
Match 40,Wed,18 Nov 2026,11:00 am,"Holkar Stadium, Indore",Punjab,Railways,/matches/4f615963-fca2-435d-920d-0b170e24015e/punjab-vs-railways
Match 9,Wed,18 Nov 2026,1:00 pm,"Nagaland Cricket Stadium, Sovima",Meghalaya,Manipur,/matches/04b89552-e264-4342-8622-fef36d5bb2b6/meghalaya-vs-manipur
Match 43,Wed,18 Nov 2026,1:30 pm,"IS Bindra Cricket Stadium, PCA, Mohali",Assam,Pondicherry,/matches/bdd7dcc5-9268-4864-88c2-b05056c60169/assam-vs-pondicherry
Match 46,Wed,18 Nov 2026,1:30 pm,"JU Second Campus, Salt Lake, Kolkata",Goa,Mumbai,/matches/b4608ad5-277d-41f9-a2ca-5391194811a7/goa-vs-mumbai
Match 37,Wed,18 Nov 2026,1:30 pm,"The Daly College, Indore",Tamil Nadu,Haryana,/matches/9962463a-3c29-4fff-ada8-6c8a2c327b6f/tamil-nadu-vs-haryana
Match 34,Wed,18 Nov 2026,1:30 pm,"Sharad Pawar Cricket Academy BKC, Mumbai",Uttar Pradesh,Baroda,/matches/de4152aa-2996-49ee-9c91-05a9b7ae207f/uttar-pradesh-vs-baroda
Match 39,Wed,18 Nov 2026,4:30 pm,"Holkar Stadium, Indore",Jammu and Kashmir,Saurashtra,/matches/296484e3-705b-437d-9944-8d14adc86206/jammu-and-kashmir-vs-saurashtra
Match 35,Wed,18 Nov 2026,4:30 pm,"Wankhede Stadium, Mumbai",Karnataka,Mizoram,/matches/5648f858-dfb5-4274-9414-0ce15372f59a/karnataka-vs-mizoram
Match 44,Wed,18 Nov 2026,4:30 pm,"PCA International Cricket Stadium, Ground A, New Chandigarh",Madhya Pradesh,Tripura,/matches/dec1f004-32dd-40e3-a7e0-174f9fd69acc/madhya-pradesh-vs-tripura
Match 47,Wed,18 Nov 2026,4:30 pm,"Eden Gardens, Kolkata",Uttarakhand,Gujarat,/matches/473a6abc-63a2-4858-a8b0-47a044f5abd3/uttarakhand-vs-gujarat
Match 11,Fri,20 Nov 2026,8:30 am,"Nagaland Cricket Stadium, Sovima",Arunachal Pradesh,Meghalaya,/matches/0c176fb2-9a05-433d-bedd-eb6153d68216/arunachal-pradesh-vs-meghalaya
Match 12,Fri,20 Nov 2026,8:30 am,"Sovima Cricket Ground, Sovima",Services,Nagaland,/matches/cebc9d05-0357-45c1-a75f-32f83d23063a/services-vs-nagaland
Match 50,Fri,20 Nov 2026,9:00 am,"Sharad Pawar Cricket Academy BKC, Mumbai",Chandigarh,Uttar Pradesh,/matches/9349911c-5565-4b0b-b1d8-43df4515ff04/chandigarh-vs-uttar-pradesh
Match 62,Fri,20 Nov 2026,9:00 am,"JU Second Campus, Salt Lake, Kolkata",Hyderabad,Goa,/matches/53d5661f-181b-4846-b5ec-37010cdb9514/hyderabad-vs-goa
Match 58,Fri,20 Nov 2026,9:00 am,"IS Bindra Cricket Stadium, PCA, Mohali",Maharashtra,Assam,/matches/24e8062a-df0e-4238-b3b3-ed66abcdb882/maharashtra-vs-assam
Match 53,Fri,20 Nov 2026,9:00 am,"The Daly College, Indore",Punjab,Tamil Nadu,/matches/f4fd7618-0f9f-4924-95fb-ec7a9542d2cf/punjab-vs-tamil-nadu
Match 55,Fri,20 Nov 2026,11:00 am,"Holkar Stadium, Indore",Jammu and Kashmir,Bihar,/matches/8446eb30-7345-451e-b673-a2d8f48419cb/jammu-and-kashmir-vs-bihar
Match 49,Fri,20 Nov 2026,11:00 am,"Wankhede Stadium, Mumbai",Karnataka,Jharkhand,/matches/e88aa779-efd6-478f-b5cf-3ee10f8cf72b/karnataka-vs-jharkhand
Match 57,Fri,20 Nov 2026,11:00 am,"PCA International Cricket Stadium, Ground A, New Chandigarh",Madhya Pradesh,Andhra,/matches/6dde1c91-0450-4ca2-9fd0-8b481a835686/madhya-pradesh-vs-andhra
Match 61,Fri,20 Nov 2026,11:00 am,"Eden Gardens, Kolkata",Uttarakhand,Odisha,/matches/9c685851-bf4f-4327-acba-93b986129e94/uttarakhand-vs-odisha
Match 10,Fri,20 Nov 2026,1:00 pm,"Nagaland Cricket Stadium, Sovima",Sikkim,Manipur,/matches/2fa93b2e-f664-4f67-98ec-771f73372a0f/sikkim-vs-manipur
Match 51,Fri,20 Nov 2026,1:30 pm,"Sharad Pawar Cricket Academy BKC, Mumbai",Bengal,Mizoram,/matches/9906a184-44b2-47f9-af35-3678cb591830/bengal-vs-mizoram
Match 63,Fri,20 Nov 2026,1:30 pm,"JU Second Campus, Salt Lake, Kolkata",Chhattisgarh,Gujarat,/matches/f28780da-bc59-4880-ad69-ec5e81b817f8/chhattisgarh-vs-gujarat
Match 54,Fri,20 Nov 2026,1:30 pm,"The Daly College, Indore",Delhi,Saurashtra,/matches/d1a277d4-ec43-4da6-af3a-4e5d3b19b8fd/delhi-vs-saurashtra
Match 59,Fri,20 Nov 2026,1:30 pm,"IS Bindra Cricket Stadium, PCA, Mohali",Kerala,Tripura,/matches/c1338323-31ce-4a55-b3ff-c8d4da55c171/kerala-vs-tripura
Match 60,Fri,20 Nov 2026,4:30 pm,"PCA International Cricket Stadium, Ground A, New Chandigarh",Himachal Pradesh,Pondicherry,/matches/9a7472d6-8f21-4b39-9189-bb837ecbd45b/himachal-pradesh-vs-pondicherry
Match 56,Fri,20 Nov 2026,4:30 pm,"Holkar Stadium, Indore",Railways,Haryana,/matches/0aee4a80-9228-49f3-9aff-92050c274175/railways-vs-haryana
Match 52,Fri,20 Nov 2026,4:30 pm,"Wankhede Stadium, Mumbai",Rajasthan,Baroda,/matches/46eb310e-ea43-418d-864a-5cb27d409f4e/rajasthan-vs-baroda
Match 64,Fri,20 Nov 2026,4:30 pm,"Eden Gardens, Kolkata",Vidarbha,Mumbai,/matches/c3a89ede-1e93-49f1-be81-445f40b1bc02/vidarbha-vs-mumbai
Match 15,Sun,22 Nov 2026,8:30 am,"Nagaland Cricket Stadium, Sovima",Services,Manipur,/matches/ddc198f1-0c91-43e4-9fb2-180881be9268/services-vs-manipur
Match 13,Sun,22 Nov 2026,8:30 am,"Sovima Cricket Ground, Sovima",Sikkim,Meghalaya,/matches/324b951d-d4e2-4a2f-8154-8435612a9dc9/sikkim-vs-meghalaya
Match 76,Sun,22 Nov 2026,9:00 am,"IS Bindra Cricket Stadium, PCA, Mohali",Himachal Pradesh,Tripura,/matches/eac68e92-054a-46bb-976c-300a48aad6fc/himachal-pradesh-vs-tripura
Match 71,Sun,22 Nov 2026,9:00 am,"The Daly College, Indore",Railways,Saurashtra,/matches/51d10be8-90ea-4887-91b4-b30b4c8e7659/railways-vs-saurashtra
Match 67,Sun,22 Nov 2026,9:00 am,"Sharad Pawar Cricket Academy BKC, Mumbai",Rajasthan,Mizoram,/matches/4177c6a3-c819-419f-add3-48ab8e1712eb/rajasthan-vs-mizoram
Match 79,Sun,22 Nov 2026,9:00 am,"JU Second Campus, Salt Lake, Kolkata",Vidarbha,Gujarat,/matches/70bf38a4-132c-4955-b784-1c9fec494573/vidarbha-vs-gujarat
Match 68,Sun,22 Nov 2026,11:00 am,"Wankhede Stadium, Mumbai",Bengal,Baroda,/matches/c05f0514-d619-4e5c-9a96-3ba0017b02ac/bengal-vs-baroda
Match 80,Sun,22 Nov 2026,11:00 am,"Eden Gardens, Kolkata",Chhattisgarh,Mumbai,/matches/03168f97-a08a-4be8-ab90-2c1f0891b0ea/chhattisgarh-vs-mumbai
Match 70,Sun,22 Nov 2026,11:00 am,"Holkar Stadium, Indore",Delhi,Haryana,/matches/efde3f38-24e8-46b7-a1d0-221d121a95f6/delhi-vs-haryana
Match 75,Sun,22 Nov 2026,11:00 am,"PCA International Cricket Stadium, Ground A, New Chandigarh",Kerala,Pondicherry,/matches/8bf708c2-97f7-4373-bf4a-8f600eed2f88/kerala-vs-pondicherry
Match 14,Sun,22 Nov 2026,1:00 pm,"Nagaland Cricket Stadium, Sovima",Arunachal Pradesh,Nagaland,/matches/9b359ac7-5f1c-4089-bccc-e6205abc184f/arunachal-pradesh-vs-nagaland
Match 72,Sun,22 Nov 2026,1:30 pm,"The Daly College, Indore",Jammu and Kashmir,Punjab,/matches/c7ea5b24-0495-4b6e-89e9-439f2575c350/jammu-and-kashmir-vs-punjab
Match 66,Sun,22 Nov 2026,1:30 pm,"Sharad Pawar Cricket Academy BKC, Mumbai",Karnataka,Chandigarh,/matches/d88059c4-16ea-4b6f-b088-a05e44443f04/karnataka-vs-chandigarh
Match 74,Sun,22 Nov 2026,1:30 pm,"IS Bindra Cricket Stadium, PCA, Mohali",Madhya Pradesh,Maharashtra,/matches/cbd9bd40-6f3d-4fb5-99d2-9a0380c14aa6/madhya-pradesh-vs-maharashtra
Match 78,Sun,22 Nov 2026,1:30 pm,"JU Second Campus, Salt Lake, Kolkata",Uttarakhand,Hyderabad,/matches/2f2a3369-5ec2-45c2-8c04-ba0814f05a6b/uttarakhand-vs-hyderabad
Match 73,Sun,22 Nov 2026,4:30 pm,"PCA International Cricket Stadium, Ground A, New Chandigarh",Assam,Andhra,/matches/693fec28-d0cd-4fbd-984b-8d40dd62bd1e/assam-vs-andhra
Match 77,Sun,22 Nov 2026,4:30 pm,"Eden Gardens, Kolkata",Goa,Odisha,/matches/453c6cde-8b57-4b0b-a4dc-36da5563705a/goa-vs-odisha
Match 69,Sun,22 Nov 2026,4:30 pm,"Holkar Stadium, Indore",Tamil Nadu,Bihar,/matches/1f045562-fe4a-430c-9ecc-eda841d150c3/tamil-nadu-vs-bihar
Match 65,Sun,22 Nov 2026,4:30 pm,"Wankhede Stadium, Mumbai",Uttar Pradesh,Jharkhand,/matches/5e779815-fd94-4429-9101-881307116294/uttar-pradesh-vs-jharkhand
Final,Tue,24 Nov 2026,7:30 am,"Nagaland Cricket Stadium, Sovima",To Be Confirmed TBC,To Be Confirmed TBC,/matches/7bf3e109-f113-434e-b122-baf1dc22fa38/to-be-confirmed-vs-to-be-confirmed
Match 82,Tue,24 Nov 2026,9:00 am,"Sharad Pawar Cricket Academy BKC, Mumbai",Bengal,Uttar Pradesh,/matches/4cc29831-6195-4e4a-ae9a-143784981026/bengal-vs-uttar-pradesh
Match 94,Tue,24 Nov 2026,9:00 am,"JU Second Campus, Salt Lake, Kolkata",Chhattisgarh,Goa,/matches/5869171f-046c-4590-9780-ec9ec8e0cd9b/chhattisgarh-vs-goa
Match 85,Tue,24 Nov 2026,9:00 am,"The Daly College, Indore",Delhi,Tamil Nadu,/matches/12aa4acc-0bc9-4762-bc78-4782032248c3/delhi-vs-tamil-nadu
Match 91,Tue,24 Nov 2026,9:00 am,"IS Bindra Cricket Stadium, PCA, Mohali",Kerala,Assam,/matches/14509956-e515-4fa8-b20b-d07a147bffce/kerala-vs-assam
Match 84,Tue,24 Nov 2026,11:00 am,"Wankhede Stadium, Mumbai",Chandigarh,Mizoram,/matches/21208c6f-8eae-4147-959c-739d08e66d86/chandigarh-vs-mizoram
Match 96,Tue,24 Nov 2026,11:00 am,"Eden Gardens, Kolkata",Hyderabad,Gujarat,/matches/00ee1da0-8282-4a63-bf62-585860e1466d/hyderabad-vs-gujarat
Match 90,Tue,24 Nov 2026,11:00 am,"PCA International Cricket Stadium, Ground A, New Chandigarh",Maharashtra,Tripura,/matches/460537b8-ce01-4aff-baff-2a71c0dcaccc/maharashtra-vs-tripura
Match 86,Tue,24 Nov 2026,11:00 am,"Holkar Stadium, Indore",Punjab,Saurashtra,/matches/fcd55b2a-794c-49d5-a80c-1a9a6f0976ea/punjab-vs-saurashtra
Match 88,Tue,24 Nov 2026,1:30 pm,"The Daly College, Indore",Jammu and Kashmir,Railways,/matches/9380f13d-f8e1-4330-8242-f352d4e80aad/jammu-and-kashmir-vs-railways
Match 83,Tue,24 Nov 2026,1:30 pm,"Sharad Pawar Cricket Academy BKC, Mumbai",Karnataka,Rajasthan,/matches/5f268729-2174-403c-a816-ed93f0d4fee6/karnataka-vs-rajasthan
Match 92,Tue,24 Nov 2026,1:30 pm,"IS Bindra Cricket Stadium, PCA, Mohali",Madhya Pradesh,Himachal Pradesh,/matches/324b2007-8f3e-44c7-86e3-964cbc94acf4/madhya-pradesh-vs-himachal-pradesh
Match 95,Tue,24 Nov 2026,1:30 pm,"JU Second Campus, Salt Lake, Kolkata",Uttarakhand,Vidarbha,/matches/69c36329-9ea6-4208-8a8c-ba40ac6dbe62/uttarakhand-vs-vidarbha
Match 89,Tue,24 Nov 2026,4:30 pm,"PCA International Cricket Stadium, Ground A, New Chandigarh",Andhra,Pondicherry,/matches/4eace585-ce96-4c2c-a95f-38bfef10741c/andhra-vs-pondicherry
Match 87,Tue,24 Nov 2026,4:30 pm,"Holkar Stadium, Indore",Bihar,Haryana,/matches/1fd3cb75-cf94-4f70-b1b9-22838575b3f3/bihar-vs-haryana
Match 81,Tue,24 Nov 2026,4:30 pm,"Wankhede Stadium, Mumbai",Jharkhand,Baroda,/matches/2aba89a0-9d3b-40f5-b716-6911ac32b3ed/jharkhand-vs-baroda
Match 93,Tue,24 Nov 2026,4:30 pm,"Eden Gardens, Kolkata",Odisha,Mumbai,/matches/3b22efb3-5b1f-4fd9-8754-ebe8807a9b75/odisha-vs-mumbai
Match 104,Thu,26 Nov 2026,9:00 am,"The Daly College, Indore",Jammu and Kashmir,Haryana,/matches/19264d85-89df-46ea-954c-26c2bd4ec045/jammu-and-kashmir-vs-haryana
Match 99,Thu,26 Nov 2026,9:00 am,"Sharad Pawar Cricket Academy BKC, Mumbai",Karnataka,Baroda,/matches/cbb98bc1-f857-405e-b23a-f85587cb995d/karnataka-vs-baroda
Match 107,Thu,26 Nov 2026,9:00 am,"IS Bindra Cricket Stadium, PCA, Mohali",Madhya Pradesh,Pondicherry,/matches/2598f6f5-cebc-4888-9127-4bc39abd7b9a/madhya-pradesh-vs-pondicherry
Match 111,Thu,26 Nov 2026,9:00 am,"JU Second Campus, Salt Lake, Kolkata",Uttarakhand,Mumbai,/matches/341fb55f-553e-4fc3-888e-2000a6ce5393/uttarakhand-vs-mumbai
Match 100,Thu,26 Nov 2026,11:00 am,"Wankhede Stadium, Mumbai",Bengal,Rajasthan,/matches/46059fb2-2b67-453d-938c-b025f5f42b4b/bengal-vs-rajasthan
Match 112,Thu,26 Nov 2026,11:00 am,"Eden Gardens, Kolkata",Chhattisgarh,Vidarbha,/matches/b38abc16-74c3-4555-8dac-a065d102423f/chhattisgarh-vs-vidarbha
Match 102,Thu,26 Nov 2026,11:00 am,"Holkar Stadium, Indore",Delhi,Railways,/matches/257bf9ac-b405-46dd-a264-517f19f96eb2/delhi-vs-railways
Match 106,Thu,26 Nov 2026,11:00 am,"PCA International Cricket Stadium, Ground A, New Chandigarh",Kerala,Himachal Pradesh,/matches/7ec5f595-f8df-4080-aa2e-93b0c2ebc181/kerala-vs-himachal-pradesh
Match 97,Thu,26 Nov 2026,1:30 pm,"Sharad Pawar Cricket Academy BKC, Mumbai",Chandigarh,Jharkhand,/matches/6ed7aa18-c016-4f6b-88b3-42e1e3eca39b/chandigarh-vs-jharkhand
Match 109,Thu,26 Nov 2026,1:30 pm,"JU Second Campus, Salt Lake, Kolkata",Hyderabad,Odisha,/matches/206fc875-fbdc-4e75-9e76-82ff41a95c1c/hyderabad-vs-odisha
Match 105,Thu,26 Nov 2026,1:30 pm,"IS Bindra Cricket Stadium, PCA, Mohali",Maharashtra,Andhra,/matches/e3339ba5-cfb5-4b79-853d-76279e1bd132/maharashtra-vs-andhra
Match 103,Thu,26 Nov 2026,1:30 pm,"The Daly College, Indore",Punjab,Bihar,/matches/d0eeaf74-f1db-41ec-a11b-d59aad4c1768/punjab-vs-bihar
Match 110,Thu,26 Nov 2026,4:30 pm,"Eden Gardens, Kolkata",Gujarat,Goa,/matches/7e561441-f894-41fd-a61b-def0798fd2fb/gujarat-vs-goa
Match 98,Thu,26 Nov 2026,4:30 pm,"Wankhede Stadium, Mumbai",Mizoram,Uttar Pradesh,/matches/6db83a62-1cf3-470f-9691-0b0761ae7231/mizoram-vs-uttar-pradesh
Match 101,Thu,26 Nov 2026,4:30 pm,"Holkar Stadium, Indore",Saurashtra,Tamil Nadu,/matches/764a2f9a-eede-4287-9d4a-1ed8d070d7a9/saurashtra-vs-tamil-nadu
Match 108,Thu,26 Nov 2026,4:30 pm,"PCA International Cricket Stadium, Ground A, New Chandigarh",Tripura,Assam,/matches/f95a3867-dd83-4790-9140-55fc3b1db45a/tripura-vs-assam
Match 113,Mon,30 Nov 2026,9:00 am,"VCA Stadium, Civil Lines, Nagpur",To Be Confirmed TBC,To Be Confirmed TBC,/matches/641a9c9e-abab-41a3-bd47-fe27674eaf8d/to-be-confirmed-vs-to-be-confirmed
Match 114,Mon,30 Nov 2026,11:00 am,"VCA Stadium, Civil Lines, Nagpur",To Be Confirmed TBC,To Be Confirmed TBC,/matches/fd29a392-8b36-46e0-838c-b1b43eda638e/to-be-confirmed-vs-to-be-confirmed
Match 115,Mon,30 Nov 2026,1:30 pm,"VCA Jamtha Stadium, Nagpur",To Be Confirmed TBC,To Be Confirmed TBC,/matches/3d0d387a-7f18-4ed3-9ba5-6374da021eb4/to-be-confirmed-vs-to-be-confirmed
Match 116,Mon,30 Nov 2026,4:30 pm,"VCA Jamtha Stadium, Nagpur",To Be Confirmed TBC,To Be Confirmed TBC,/matches/9bfcd718-f798-41be-aef7-dd248566aa29/to-be-confirmed-vs-to-be-confirmed
Match 117,Wed,2 Dec 2026,9:00 am,"VCA Stadium, Civil Lines, Nagpur",To Be Confirmed TBC,To Be Confirmed TBC,/matches/dfb022f5-9e70-44a3-a98e-09e8295f277a/to-be-confirmed-vs-to-be-confirmed
Match 118,Wed,2 Dec 2026,11:00 am,"VCA Stadium, Civil Lines, Nagpur",To Be Confirmed TBC,To Be Confirmed TBC,/matches/e84d6ed7-134d-4934-a26d-687109b108fe/to-be-confirmed-vs-to-be-confirmed
Match 119,Wed,2 Dec 2026,1:30 pm,"VCA Jamtha Stadium, Nagpur",To Be Confirmed TBC,To Be Confirmed TBC,/matches/6f937948-f37c-4c7b-8d9f-cfe53a846a9b/to-be-confirmed-vs-to-be-confirmed
Match 120,Wed,2 Dec 2026,4:30 pm,"VCA Jamtha Stadium, Nagpur",To Be Confirmed TBC,To Be Confirmed TBC,/matches/f90a53fd-d3ae-40b7-bdfa-639ee9cd6f07/to-be-confirmed-vs-to-be-confirmed
Match 121,Fri,4 Dec 2026,9:00 am,"VCA Stadium, Civil Lines, Nagpur",To Be Confirmed TBC,To Be Confirmed TBC,/matches/e58e742f-eab9-4b79-bd79-f9d8a8296c4e/to-be-confirmed-vs-to-be-confirmed
Match 122,Fri,4 Dec 2026,11:00 am,"VCA Stadium, Civil Lines, Nagpur",To Be Confirmed TBC,To Be Confirmed TBC,/matches/a9090a5c-527a-4ab3-9ef2-bb61206c1d1f/to-be-confirmed-vs-to-be-confirmed
Match 123,Fri,4 Dec 2026,1:30 pm,"VCA Jamtha Stadium, Nagpur",To Be Confirmed TBC,To Be Confirmed TBC,/matches/5a25efa2-63b6-4642-92fc-dc02582e4590/to-be-confirmed-vs-to-be-confirmed
Match 124,Fri,4 Dec 2026,4:30 pm,"VCA Jamtha Stadium, Nagpur",To Be Confirmed TBC,To Be Confirmed TBC,/matches/fe662cee-d540-48fb-8056-480e9e15c612/to-be-confirmed-vs-to-be-confirmed
Final,Sun,6 Dec 2026,4:30 pm,"VCA Jamtha Stadium, Nagpur",To Be Confirmed TBC,To Be Confirmed TBC,/matches/7cdad038-ac38-42db-ae15-101133a3b50e/to-be-confirmed-vs-to-be-confirmed
